סוג,השם המדויק ב-API (המפתח),איפה מופיע,העברית האוטומטית כרגע,העברית הנכונה שלך,הערה
קבוצה,AD Marco 09,גביע פורטוגל,AD מארקו 09,,
קבוצה,AVS,גביע פורטוגל,AVS,,
קבוצה,Almere City FC,גביע הולנד,אלמר קיטי FC,,
קבוצה,Amarante,גביע פורטוגל,אמאראנט,,
קבוצה,Bragança,גביע פורטוגל,בראגאנסא,,
קבוצה,Brito,גביע פורטוגל,בריטו,,
קבוצה,Celje,הליגה האירופית,קלג',,
קבוצה,Chaves,גביע פורטוגל,צ'אוס,,
קבוצה,De Graafschap,גביע הולנד,ד גראאפשאפ,,
קבוצה,De Treffers,גביע הולנד,ד טרפפרס,,
קבוצה,Den Bosch,גביע הולנד,דנ בוש,,
קבוצה,Dordrecht,גביע הולנד,דורדרצ'ט,,
קבוצה,Emmen,גביע הולנד,ממנ,,
קבוצה,FC Eindhoven,גביע הולנד,FC ינדהוונ,,
קבוצה,FC OSS,גביע הולנד,FC OSS,,
קבוצה,FC Volendam,גביע הולנד,FC וולנדאמ,,
קבוצה,Fafe,גביע פורטוגל,פאפ,,
קבוצה,Helmond Sport,גביע הולנד,הלמונד ספורט,,
קבוצה,Heracles,גביע הולנד,הראקלס,,
קבוצה,Hoek,גביע הולנד,הוק,,
קבוצה,Leixoes,גביע פורטוגל,ליקסוס,,
קבוצה,Leça,גביע פורטוגל,לסא,,
קבוצה,MVV,גביע הולנד,MVV,,
קבוצה,Mafra,גביע פורטוגל,מאפרא,,
קבוצה,NAC Breda,גביע הולנד,NAC ברדא,,
קבוצה,Oliveira Hospital,גביע פורטוגל,וליוירא הוספיטאל,,
קבוצה,Os Limianos,גביע פורטוגל,וס לימיאנוס,,
קבוצה,Os Marialvas,גביע פורטוגל,וס מאריאלואס,,
קבוצה,Paredes,גביע פורטוגל,פארדס,,
קבוצה,Penafiel,גביע פורטוגל,פנאפאיל,,
קבוצה,Portimonense,גביע פורטוגל,פורטימוננס,,
קבוצה,Quick Boys,גביע הולנד,קוויק בויס,,
קבוצה,Roda,גביע הולנד,רודא,,
קבוצה,UD da Serra,גביע פורטוגל,UD דא סררא,,
קבוצה,União Santarém,גביע פורטוגל,יוניאו סאנטארמ,,
קבוצה,VVV Venlo,גביע הולנד,VVV ונלו,,
קבוצה,Vitesse,גביע הולנד,ויטסס,,
קבוצה,Vitória de Sernache,גביע פורטוגל,ויטוריא ד סרנאצ',,
קבוצה,Vizela,גביע פורטוגל,ויזלא,,
קבוצה,Waalwijk,גביע הולנד,ואאלויג'ק,,
עיר,"Atherton, Greater Manchester|England",למשל: Atherton Collieries,"את'רטונ, גראיטר מאנצ'סטר",,
עיר,Barendrecht|Netherlands,למשל: Barendrecht,בארנדרצ'ט,,
עיר,Brito|Portugal,למשל: Brito,בריטו,,
עיר,Castellon|Spain,למשל: Castellón,קאסטללונ,,
עיר,Celje|Slovenia,למשל: Celje,קלג',,
עיר,Chaves|Portugal,למשל: Chaves,צ'אוס,,
עיר,Faro|Portugal,למשל: Farense,פארו,,
עיר,Gijon|Spain,למשל: Sporting Gijon,גיג'ונ,,
עיר,Grimsby|England,למשל: Grimsby,גרימסבי,,
עיר,"Halesowen, West Midlands|England",למשל: Halesowen Town,"האלסאאונ, וסט מידלאנדס",,
עיר,Helmond|Netherlands,למשל: Helmond Sport,הלמונד,,
עיר,Hoek|Netherlands,למשל: Hoek,הוק,,
עיר,Katwijk|Netherlands,למשל: Quick Boys,קאטויג'ק,,
עיר,Kerkrade|Netherlands,למשל: Roda,קרקראד,,
עיר,Las Palmas de Gran Canaria|Spain,למשל: Las Palmas,לאס פאלמאס ד גראנ קאנאריא,,
עיר,Maassluis|Netherlands,למשל: Excelsior Maassluis,מאאססליויס,,
עיר,Mafra|Portugal,למשל: Mafra,מאפרא,,
עיר,Paredes|Portugal,למשל: Paredes,פארדס,,
עיר,Penafiel|Portugal,למשל: Penafiel,פנאפאיל,,
עיר,Saint-Denis|France,למשל: France,סאינט-דניס,,
עיר,Santarem|Portugal,למשל: União Santarém,סאנטארמ,,
עיר,"Scarborough, North Yorkshire|England",למשל: Scarborough Athletic,"סקארבוראאו, נורת' יורקשיר",,
עיר,"Spalding, Lincolnshire|England",למשל: Spalding United,"ספאלדינג, לינקולנשיר",,
עיר,Stoke-On-Trent|England,למשל: Port Vale,סטוק-ונ-טרנט,,
עיר,Venlo|Netherlands,למשל: VVV Venlo,ונלו,,
עיר,Werkendam|Netherlands,למשל: Kozakken Boys,ורקנדאמ,,
עיר,Zenica|Bosnia and Herzegovina,למשל: Bosnia & Herzegovina,זניקא,,
