ענף,תחרות,קבוצה/אירוע,כמה משחקים/ימים,מה חסר,עיר נוכחית,מדינה,אצטדיון נוכחי,ההצעה שלי,רמת ביטחון בהצעה,תיקון שלך: אצטדיון,תיקון שלך: עיר,"תיקון שלך: קואורדינטות lat,lng",הערה
כדורגל,EFL טרופי,אקרינגטון סטנלי,1,אין סיכה מדויקת (קואורדינטות),אקרינגטון,England,The Crown Ground,,,,,,
כדורגל,EFL טרופי,פיטרבורו,1,אין סיכה מדויקת (קואורדינטות),פיטרבורו,England,ABAX Stadium,,,,,,
כדורגל,סגונדה דיביזיון,ספורטינג חיחון,1,אין סיכה מדויקת (קואורדינטות),גיג'ונ,Spain,"Estadio Municipal El Molinón-Enrique Castro ""Quini""",,,,,,
כדורגל,גביע ה-FA,את'רטון קוליריז,1,אצטדיון חסר,"את'רטונ, גראיטר מאנצ'סטר",England,,,,,,,
כדורגל,גביע ה-FA,הילסואן טאון,1,אצטדיון חסר,"האלסאאונ, וסט מידלאנדס",England,,,,,,,
כדורגל,גביע ה-FA,ווינגייט אנד פינצ'לי,1,אצטדיון חסר,לונדון,England,,,,,,,
כדורגל,גביע ה-FA,ספולדינג יונייטד,1,אצטדיון חסר,"ספאלדינג, לינקולנשיר",England,,,,,,,
כדורגל,גביע ה-FA,סקארבורו אתלטיק,1,אצטדיון חסר,"סקארבוראאו, נורת' יורקשיר",England,,,,,,,
כדורגל,הליגה האירופית,קלג',1,אצטדיון חסר,קלג',Slovenia,,,,,,,
טניס,גביע יונייטד,גביע יונייטד,1,אצטדיון/אולם חסר,סידני,Australia,,Ken Rosewall Arena,בינונית,,,,אירוע רב-עירוני: מוצב בעיר הראשונה בלבד (סידני; גם פרת)
